time,target,value
DEF,1,StationToStationAgent/0/implFeed
DEF,2,StationToStationAgent/0/distanceToTarget
DEF,3,StationToStationAgent/0/force
DEF,4,StationToStationAgent/0/segmentId
DEF,5,StationToStationAgent/0/velocity
DEF,6,StationToStationAgent/0/velocity(target)
DEF,7,StationToStationAgent/0/debug
0,1,"Set goal: station CERN Meyrin, 47 m away"
0,2,34.823994
0,3,487535.9
0,4,1
0,6,2.4376795
0,5,0
0,7,0.50067097
1,2,34.580223
1,3,386615.94
1,4,1
1,6,2.4206157
1,5,0.4875359
1,7,0.49074572
2,2,33.89938
2,3,299760.94
2,4,1
2,6,2.3729565
2,5,0.8741518
2,7,0.46302453
3,2,32.875347
3,3,225472.31
3,4,1
3,6,2.3012743
3,5,1.1739128
3,7,0.4213301
4,2,31.5887
4,3,162364.8
4,4,1
4,6,2.211209
4,5,1.3993851
4,7,0.368943
5,2,30.108131
5,3,109163.86
5,4,1
5,6,2.1075692
5,5,1.5617499
5,7,0.30866033
6,2,28.4918
6,3,64702.438
6,4,1
6,6,1.994426
6,5,1.6709138
6,7,0.24284989
7,2,26.788534
7,3,27916.24
7,4,1
7,6,1.8751974
7,5,1.7356162
7,7,0.17349988
8,2,25.038961
8,3,-2161.026
8,4,1
8,6,1.7527273
8,5,1.7635324
8,7,0.10226435
9,2,23.27651
9,3,-26403.14
9,4,1
9,6,1.6293557
9,5,1.7613714
9,7,0.0305045
10,2,33.79207
10,3,126095.37
10,4,32
10,6,2.365445
10,5,1.7349681
10,7,0.028210279
11,2,31.994053
11,3,75704.07
11,4,32
11,6,2.2395837
11,5,1.8610634
11,7,0.07898528
12,2,30.095137
12,3,33978.46
12,4,32
12,6,2.1066597
12,5,1.9367673
12,7,0.13260964
13,2,28.14138
13,3,-169.80171
13,4,32
13,6,1.9698967
13,5,1.9707457
13,7,0.18778268
14,2,26.17072
14,3,-27725.1
14,4,32
14,6,1.8319503
14,5,1.9705758
14,7,0.24343307
15,2,24.214006
15,3,-49574.016
15,4,32
15,6,1.6949805
15,5,1.9428506
15,7,0.2986896
16,2,22.295942
16,3,-66512.11
16,4,32
16,6,1.5607159
16,5,1.8932765
16,7,0.3528547
17,2,20.435923
17,3,-79249.93
17,4,32
17,6,1.4305146
17,5,1.8267642
17,7,0.40538067
18,2,18.648783
18,3,-88419.87
18,4,32
18,6,1.3054148
18,5,1.7475141
18,7,0.45584852
19,2,16.945478
19,3,-94582.125
19,4,32
19,6,1.1861835
19,5,1.6590941
19,7,0.5039489
20,2,15.333675
20,3,-98230.94
20,4,32
20,6,1.0733572
20,5,1.5645119
20,7,0.54946536
21,2,13.818279
21,3,-99800.25
21,4,32
21,6,0.96727955
21,5,1.4662808
21,7,0.59225935
22,2,12.401899
22,3,-99669.51
22,4,32
22,6,0.86813295
22,5,1.3664805
22,7,0.63225716
23,2,11.085253
23,3,-98168.63
23,4,32
23,6,0.7759677
23,5,1.2668109
23,7,0.66943854
24,2,9.867527
24,3,-95583.08
24,4,32
24,6,0.6907269
24,5,1.1686423
24,7,0.7038265
25,2,8.7466755
25,3,-92158.35
25,4,32
25,6,0.6122673
25,5,1.0730591
25,7,0.7354787
26,2,7.719696
26,3,-88104.38
26,4,32
26,6,0.54037875
26,5,0.98090065
26,7,0.76448005
27,2,6.7828484
27,3,-83599.37
27,4,32
27,6,0.4747994
27,5,0.8927962
27,7,0.7909362
28,2,5.9318504
28,3,-78793.46
28,4,32
28,6,0.41522953
28,5,0.8091968
28,7,0.8149679
29,2,5.1620502
29,3,-73811.95
29,4,32
29,6,0.36134353
29,5,0.7304033
29,7,0.83670664
30,2,4.4685516
30,3,-68758.55
30,4,32
30,6,0.31279862
30,5,0.65659136
30,7,0.85629064
31,2,3.8463402
31,3,-63717.8
31,4,32
31,6,0.2692438
31,5,0.5878328
31,7,0.87386155
32,2,3.2903671
32,3,-58757.85
32,4,32
32,6,0.2303257
32,5,0.52411497
32,7,0.88956195
33,2,2.7956295
33,3,-53932.605
33,4,32
33,6,0.19569406
33,5,0.4653571
33,7,0.90353304
34,2,2.3572388
34,3,-49283.55
34,4,32
34,6,0.16500671
34,5,0.41142446
34,7,0.915913
35,2,1.9704552
35,3,-44841.8
35,4,32
35,6,0.13793187
35,5,0.36214086
35,7,0.92683554
36,2,1.6307373
36,3,-40629.492
36,4,32
36,6,0.11415161
36,5,0.31729907
36,7,0.936429
37,2,1.3337517
37,3,-36661.39
37,4,32
37,6,0.093362615
37,5,0.27666956
37,7,0.9448157
38,2,1.0754128
38,3,-32945.85
38,4,32
38,6,0.07527889
38,5,0.24000816
38,7,0.95211107
39,2,0.8518791
39,3,-29486.152
39,4,32
39,6,0.059631538
39,5,0.2070623
39,7,0.95842355
40,2,0.65955734
40,3,-26281.426
40,4,32
40,6,0.046169013
40,5,0.17757614
40,7,0.96385455
41,2,0.49512482
41,3,-23327.191
41,4,32
41,6,0.034658737
41,5,0.1512947
41,7,0.9684981
42,2,0.35549545
42,3,-20616.56
42,4,32
42,6,0.024884682
42,5,0.12796749
42,7,0.9724412
43,2,0.23783493
43,3,-18140.494
43,4,32
43,6,0.016648445
43,5,0.10735092
43,7,0.97576386
44,2,0.13955307
44,3,-15888.341
44,4,32
44,6,0.009768715
44,5,0.08921042
44,7,0.9785392
45,2,0.058288574
45,3,-13848.376
45,4,32
45,6,0.0040802
45,5,0.07332208
45,7,0.9808341
46,2,nan
46,3,-11894.74
46,4,32
46,6,0
46,5,0.0594737
46,7,0.98270917
47,1,"Set goal: station Ferney-Voltaire, 5470 m away"
47,2,5435.144
47,3,1000000
47,4,32
47,6,69.44444
47,5,0.047578957
47,7,0.98422074
48,2,5434.596
48,3,1000000
48,4,32
48,6,69.44444
48,5,1.0475788
48,7,0.9996841
49,2,5467.9014
49,3,1000000
49,4,33
49,6,69.44444
49,5,2.0475788
49,7,0.040068377
50,2,5465.354
50,3,1000000
50,4,33
50,6,69.44444
50,5,3.0475788
50,7,0.106508024
51,2,5461.8066
51,3,1000000
51,4,33
51,6,69.44444
51,5,4.047579
51,7,0.1990272
52,2,5457.259
52,3,1000000
52,4,33
52,6,69.44444
52,5,5.047579
52,7,0.31762588
53,2,5451.7114
53,3,1000000
53,4,33
53,6,69.44444
53,5,6.047579
53,7,0.4623041
54,2,5445.1636
54,3,1000000
54,4,33
54,6,69.44444
54,5,7.047579
54,7,0.6330618
55,2,5437.616
55,3,1000000
55,4,33
55,6,69.44444
55,5,8.047579
55,7,0.8298991
56,2,5429.0684
56,3,1000000
56,4,34
56,6,69.44444
56,5,9.047578
56,7,0.029194364
57,2,5419.521
57,3,1000000
57,4,34
57,6,69.44444
57,5,10.047578
57,7,0.16682893
58,2,5408.9736
58,3,1000000
58,4,34
58,6,69.44444
58,5,11.047577
58,7,0.31887916
59,2,5397.426
59,3,1000000
59,4,34
59,6,69.44444
59,5,12.047575
59,7,0.485345
60,2,5384.8784
60,3,1000000
60,4,34
60,6,69.44444
60,5,13.047574
60,7,0.6662265
61,2,5371.3306
61,3,1000000
61,4,34
61,6,69.44444
61,5,14.047573
61,7,0.8615236
62,2,5356.783
62,3,1000000
62,4,35
62,6,69.44444
62,5,15.047572
62,7,0.08986969
63,2,5341.2354
63,3,1000000
63,4,35
63,6,69.44444
63,5,16.047571
63,7,0.37262338
64,2,5324.688
64,3,1000000
64,4,35
64,6,69.44444
64,5,17.047571
64,7,0.6735634
65,2,5307.14
65,3,1000000
65,4,35
65,6,69.44444
65,5,18.047571
65,7,0.9926898
66,2,5288.593
66,3,1000000
66,4,36
66,6,69.44444
66,5,19.047571
66,7,0.58265513
67,2,5269.045
67,3,1000000
67,4,10
67,6,69.44444
67,5,20.047571
67,7,0.028401135
68,2,5248.4976
68,3,1000000
68,4,10
68,6,69.44444
68,5,21.047571
68,7,0.11749355
69,2,5226.9497
69,3,1000000
69,4,10
69,6,69.44444
69,5,22.047571
69,7,0.21092187
70,2,5204.4023
70,3,1000000
70,4,10
70,6,69.44444
70,5,23.04757
70,7,0.3086861
71,2,5180.8545
71,3,1000000
71,4,10
71,6,69.44444
71,5,24.04757
71,7,0.41078624
72,2,5156.307
72,3,1000000
72,4,10
72,6,69.44444
72,5,25.047567
72,7,0.5172223
73,2,5130.76
73,3,1000000
73,4,10
73,6,69.44444
73,5,26.047567
73,7,0.62799424
74,2,5104.212
74,3,1000000
74,4,10
74,6,69.44444
74,5,27.047567
74,7,0.7431021
75,2,5076.6646
75,3,1000000
75,4,10
75,6,69.44444
75,5,28.047567
75,7,0.86254585
76,2,5048.1167
76,3,1000000
76,4,10
76,6,69.44444
76,5,29.047565
76,7,0.9863255
77,2,5018.57
77,3,1000000
77,4,11
77,6,69.44444
77,5,30.047565
77,7,0.09151601
78,2,4988.022
78,3,1000000
78,4,11
78,6,69.44444
78,5,31.047565
78,7,0.19743454
79,2,4956.4746
79,3,1000000
79,4,11
79,6,69.44444
79,5,32.047565
79,7,0.30682042
80,2,4923.927
80,3,1000000
80,4,11
80,6,69.44444
80,5,33.047565
80,7,0.41967362
81,2,4890.3794
81,3,1000000
81,4,11
81,6,69.44444
81,5,34.047565
81,7,0.5359942
82,2,4855.8315
82,3,1000000
82,4,11
82,6,69.44444
82,5,35.047565
82,7,0.65578204
83,2,4820.284
83,3,1000000
83,4,11
83,6,69.44444
83,5,36.047565
83,7,0.77903724
84,2,4783.737
84,3,1000000
84,4,11
84,6,69.44444
84,5,37.047565
84,7,0.90575975
85,2,4746.189
85,3,1000000
85,4,12
85,6,69.44444
85,5,38.047565
85,7,0.027845507
86,2,4707.6416
86,3,1000000
86,4,12
86,6,69.44444
86,5,39.047565
86,7,0.13137242
87,2,4668.0938
87,3,1000000
87,4,12
87,6,69.44444
87,5,40.047565
87,7,0.23758504
88,2,4627.5464
88,3,1000000
88,4,12
88,6,69.44444
88,5,41.047565
88,7,0.34648335
89,2,4585.9985
89,3,1000000
89,4,12
89,6,69.44444
89,5,42.047565
89,7,0.45806736
90,2,4543.451
90,3,1000000
90,4,12
90,6,69.44444
90,5,43.047565
90,7,0.57233703
91,2,4499.904
91,3,1000000
91,4,12
91,6,69.44444
91,5,44.047565
91,7,0.68929243
92,2,4455.356
92,3,1000000
92,4,12
92,6,69.44444
92,5,45.04756
92,7,0.8089335
93,2,4409.8086
93,3,1000000
93,4,12
93,6,69.44444
93,5,46.047558
93,7,0.9312602
94,2,4363.2607
94,3,1000000
94,4,13
94,6,69.44444
94,5,47.047554
94,7,0.04378731
95,2,4315.713
95,3,1000000
95,4,13
95,6,69.44444
95,5,48.04755
95,7,0.14315274
96,2,4267.1655
96,3,1000000
96,4,13
96,6,69.44444
96,5,49.047546
96,7,0.24460797
97,2,4217.618
97,3,1000000
97,4,13
97,6,69.44444
97,5,50.047546
97,7,0.348153
98,2,4167.0703
98,3,1000000
98,4,13
98,6,69.44444
98,5,51.047546
98,7,0.45378783
99,2,4115.523
99,3,1000000
99,4,13
99,6,69.44444
99,5,52.047543
99,7,0.5615125
100,2,4062.9753
100,3,1000000
100,4,13
100,6,69.44444
100,5,53.04754
100,7,0.67132694
101,2,4009.4277
101,3,1000000
101,4,13
101,6,69.44444
101,5,54.047535
101,7,0.7832312
102,2,3954.8804
102,3,1000000
102,4,13
102,6,69.44444
102,5,55.047535
102,7,0.89722526
103,2,3899.3328
103,3,1000000
103,4,14
103,6,69.44444
103,5,56.047535
103,7,0.0103079155
104,2,3842.7854
104,3,1000000
104,4,14
104,6,69.44444
104,5,57.047535
104,7,0.10183332
105,2,3785.2378
105,3,1000000
105,4,14
105,6,69.44444
105,5,58.047535
105,7,0.19497728
106,2,3726.6902
106,3,1000000
106,4,14
106,6,69.44444
106,5,59.047535
106,7,0.28973982
107,2,3667.1426
107,3,1000000
107,4,14
107,6,69.44444
107,5,60.047535
107,7,0.3861209
108,2,3606.5952
108,3,1000000
108,4,14
108,6,69.44444
108,5,61.04753
108,7,0.48412052
109,2,3545.0476
109,3,1000000
109,4,14
109,6,69.44444
109,5,62.04753
109,7,0.5837387
110,2,3482.5
110,3,1000000
110,4,14
110,6,69.44444
110,5,63.04753
110,7,0.68497545
111,2,3418.9526
111,3,1000000
111,4,14
111,6,69.44444
111,5,64.04753
111,7,0.78783077
112,2,3354.405
112,3,879382.3
112,4,14
112,6,69.44444
112,5,65.04753
112,7,0.8923046
113,2,3288.9177
113,3,703506.5
113,4,14
113,6,69.44444
113,5,65.92691
113,7,0.9982994
114,2,3222.6392
114,3,562805.2
114,4,15
114,6,69.44444
114,5,66.63042
114,7,0.094745286
115,2,3155.7273
115,3,450244.12
115,4,15
115,6,69.44444
115,5,67.19322
115,7,0.19193637
116,2,3088.309
116,3,360195.94
116,4,15
116,6,69.44444
116,5,67.64346
116,7,0.2898632
117,2,3020.4854
117,3,288156.12
117,4,15
117,6,69.44444
117,5,68.00366
117,7,0.38837862
118,2,2952.3376
118,3,230525.2
118,4,15
118,6,69.44444
118,5,68.29182
118,7,0.48736492
119,2,2883.9307
119,3,184419.25
119,4,15
119,6,69.44444
119,5,68.52235
119,7,0.5867279
120,2,2815.3162
120,3,147535.7
120,4,15
120,6,69.44444
120,5,68.706764
120,7,0.68639225
121,2,2746.5356
121,3,118028.26
121,4,15
121,6,69.44444
121,5,68.8543
121,7,0.7862977
122,2,2677.6223
122,3,94422.914
122,4,15
122,6,69.44444
122,5,68.97233
122,7,0.886396
123,2,2608.6028
123,3,75538.63
123,4,15
123,6,69.44444
123,5,69.06675
123,7,0.9866486
124,2,2539.4983
124,3,60430.906
124,4,16
124,6,69.44444
124,5,69.14229
124,7,0.11099372
125,2,2470.3257
125,3,48344.42
125,4,16
125,6,69.44444
125,5,69.20272
125,7,0.2391421
126,2,2401.0989
126,3,38674.926
126,4,16
126,6,69.44444
126,5,69.25107
126,7,0.36739126
127,2,2331.8284
127,3,30940.246
127,4,16
127,6,69.44444
127,5,69.28974
127,7,0.495721
128,2,2262.5232
128,3,24752.809
128,4,16
128,6,69.44444
128,5,69.32068
128,7,0.6241152
129,2,2193.1902
129,3,19801.33
129,4,16
129,6,69.44444
129,5,69.345436
129,7,0.75256103
130,2,2123.835
130,3,15841.675
130,4,16
130,6,69.44444
130,5,69.365234
130,7,0.88104814
131,2,2054.4617
131,3,12673.95
131,4,17
131,6,69.44444
131,5,69.38107
131,7,0.0066052843
132,2,1985.0742
132,3,10139.465
132,4,17
132,6,69.44444
132,5,69.393745
132,7,0.095345214
133,2,1915.6754
133,3,8111.5723
133,4,17
133,6,69.44444
133,5,69.403885
133,7,0.18409973
134,2,1846.2676
134,3,6491.089
134,4,17
134,6,69.44444
134,5,69.41199
134,7,0.27286592
135,2,1776.8523
135,3,5192.566
135,4,17
135,6,69.44444
135,5,69.41848
135,7,0.36164144
136,2,1707.4312
136,3,4153.4424
136,4,17
136,6,69.44444
136,5,69.423676
136,7,0.45042443
137,2,1638.0054
137,3,3323.3643
137,4,17
137,6,69.44444
137,5,69.427826
137,7,0.5392134
138,2,1568.5759
138,3,2658.081
138,4,17
138,6,69.44444
138,5,69.43115
138,7,0.6280072
139,2,1499.1436
139,3,2127.0752
139,4,17
139,6,69.44444
139,5,69.43381
139,7,0.71680474
140,2,1429.7085
140,3,1702.8809
140,4,17
140,6,69.44444
140,5,69.43593
140,7,0.8056054
141,2,1360.2717
141,3,1362.6099
141,4,17
141,6,69.44444
141,5,69.43763
141,7,0.89440846
142,2,1290.8335
142,3,1089.4775
142,4,17
142,6,69.44444
142,5,69.438995
142,7,0.9832135
143,2,1221.3942
143,3,869.751
143,4,18
143,6,69.44444
143,5,69.440094
143,7,0.073874936
144,2,1151.9536
144,3,695.8008
144,4,18
144,6,69.44444
144,5,69.44096
144,7,0.16497
145,2,1082.5123
145,3,555.4199
145,4,18
145,6,69.44444
145,5,69.441666
145,7,0.25606608
146,2,1013.0704
146,3,444.03076
146,4,18
146,6,69.44444
146,5,69.44222
146,7,0.347163
147,2,943.6279
147,3,-677742
147,4,18
147,6,66.053955
147,5,69.442665
147,7,0.43826059
148,2,874.5242
148,3,-1509647.4
148,4,18
148,6,61.216694
148,5,68.76493
148,7,0.5289139
149,2,806.51404
149,3,-2000000
149,4,18
149,6,56.455982
149,5,67.25528
149,7,0.6181325
150,2,740.2588
150,3,-2000000
150,4,18
150,6,51.818115
150,5,65.25528
150,7,0.705049
151,2,676.0035
151,3,-2000000
151,4,18
151,6,47.320244
151,5,63.255283
151,7,0.7893418
152,2,613.7482
152,3,-2000000
152,4,18
152,6,42.962376
152,5,61.255283
152,7,0.87101096
153,2,553.4929
153,3,-2000000
153,4,18
153,6,38.744503
153,5,59.255283
153,7,0.95005643
154,1,"Plan exhausted"
154,2,nan
154,3,-2000000
154,4,19
154,6,0
154,5,57.255283
154,7,0.09300246
155,1,"Set goal: station Ferney-Voltaire, 951 m away"
155,2,874.8075
155,3,1000000
155,4,19
155,6,61.236526
155,5,55.255283
155,7,0.35221195
156,2,819.05225
156,3,215673.83
156,4,19
156,6,57.333656
156,5,56.255287
156,7,0.60911757
157,2,762.6891
157,3,-616545.1
157,4,19
157,6,53.388237
157,5,56.470963
157,7,0.86882395
158,2,782.96564
158,3,-209365.08
158,4,20
158,6,54.807594
158,5,55.85442
158,7,0.21048127
159,2,727.2159
159,3,-947988.9
159,4,20
159,6,50.905113
159,5,55.645058
159,7,0.63419265
160,2,672.04486
160,3,-1530784.6
160,4,21
160,6,47.04314
160,5,54.697063
160,7,0.039692506
161,2,618.1132
161,3,-1979669.2
161,4,21
161,6,43.267925
161,5,53.16627
161,7,0.34376532
162,2,565.93677
162,3,-2000000
162,4,21
162,6,39.615574
162,5,51.1866
162,7,0.6379419
163,2,515.7502
163,3,-2000000
163,4,21
163,6,36.102512
163,5,49.186596
163,7,0.92089957
164,2,467.56357
164,3,-2000000
164,4,22
164,6,32.72945
164,5,47.186596
164,7,0.32753298
165,2,421.37698
165,3,-2000000
165,4,22
165,6,29.49639
165,5,45.186596
165,7,0.7704183
166,2,377.19037
166,3,-2000000
166,4,23
166,6,26.403326
166,5,43.186596
166,7,0.1946419
167,2,335.00378
167,3,-2000000
167,4,23
167,6,23.450266
167,5,41.186596
167,7,0.60024714
168,2,294.81717
168,3,-2000000
168,4,23
168,6,20.637201
168,5,39.186596
168,7,0.9866233
169,2,256.63055
169,3,-2000000
169,4,24
169,6,17.964138
169,5,37.186596
169,7,0.5322282
170,2,220.44392
170,3,-2000000
170,4,25
170,6,15.431075
170,5,35.186596
170,7,0.04774707
171,2,186.25734
171,3,-2000000
171,4,25
171,6,13.038013
171,5,33.186592
171,7,0.47200462
172,2,154.07074
172,3,-2000000
172,4,25
172,6,10.784952
172,5,31.18659
172,7,0.871442
173,2,123.88414
173,3,-2000000
173,4,26
173,6,8.67189
173,5,29.18659
173,7,0.21934153
174,2,95.69755
174,3,-2000000
174,4,26
174,6,6.698828
174,5,27.18659
174,7,0.5311568
175,2,69.510956
175,3,-2000000
175,4,26
175,6,4.865767
175,5,25.18659
175,7,0.820847
176,2,45.324383
176,3,-2000000
176,4,27
176,6,3.1727068
176,5,23.186592
176,7,0.058290698
177,2,23.13779
177,3,-2000000
177,4,27
177,6,1.6196454
177,5,21.186592
177,7,0.22011104
178,2,2.9511986
178,3,-2000000
178,4,27
178,6,0.2065839
178,5,19.186594
178,7,0.36734417
179,2,nan
179,3,-2000000
179,4,27
179,6,0
179,5,17.186594
179,7,0.49999008
180,1,"Set goal: station CERN Meyrin, 5439 m away"
180,2,5353.8975
180,3,1000000
180,4,27
180,6,69.44444
180,5,15.186595
180,7,0.6180488
181,2,5338.211
181,3,1000000
181,4,27
181,6,69.44444
181,5,16.186598
181,7,0.7324607
182,2,5321.524
182,3,1000000
182,4,27
182,6,69.44444
182,5,17.186598
182,7,0.8541662
183,2,5303.8374
183,3,1000000
183,4,27
183,6,69.44444
183,5,18.1866
183,7,0.9831653
184,2,5369.889
184,3,1000000
184,4,28
184,6,69.44444
184,5,19.1866
184,7,0.1475513
185,2,5350.2026
185,3,1000000
185,4,28
185,6,69.44444
185,5,20.1866
185,7,0.3249052
186,2,5329.516
186,3,1000000
186,4,28
186,6,69.44444
186,5,21.1866
186,7,0.51126796
187,2,5307.829
187,3,1000000
187,4,28
187,6,69.44444
187,5,22.1866
187,7,0.7066396
188,2,5285.1426
188,3,1000000
188,4,28
188,6,69.44444
188,5,23.1866
188,7,0.91102004
189,2,5261.4565
189,3,1000000
189,4,29
189,6,69.44444
189,5,24.1866
189,7,0.11963159
190,2,5236.77
190,3,1000000
190,4,29
190,6,69.44444
190,5,25.1866
190,7,0.33348885
191,2,5211.083
191,3,1000000
191,4,29
191,6,69.44444
191,5,26.1866
191,7,0.556009
192,2,5184.3965
192,3,1000000
192,4,29
192,6,69.44444
192,5,27.1866
192,7,0.78719205
193,2,5156.71
193,3,1000000
193,4,30
193,6,69.44444
193,5,28.186602
193,7,0.025907082
194,2,5128.0234
194,3,1000000
194,4,30
194,6,69.44444
194,5,29.186602
194,7,0.2640217
195,2,5098.337
195,3,1000000
195,4,30
195,6,69.44444
195,5,30.186602
195,7,0.51043683
196,2,5067.65
196,3,1000000
196,4,30
196,6,69.44444
196,5,31.186602
196,7,0.7651525
197,2,5035.9634
197,3,1000000
197,4,31
197,6,69.44444
197,5,32.186596
197,7,0.040056627
198,2,5003.277
198,3,1000000
198,4,31
198,6,69.44444
198,5,33.186596
198,7,0.4258754
199,2,4969.5903
199,3,1000000
199,4,31
199,6,69.44444
199,5,34.186592
199,7,0.8234977
200,2,4934.904
200,3,1000000
200,4,18
200,6,69.44444
200,5,35.186596
200,7,0.974113
201,2,4899.2173
201,3,1000000
201,4,18
201,6,69.44444
201,5,36.186596
201,7,0.9272978
202,2,4862.531
202,3,1000000
202,4,18
202,6,69.44444
202,5,37.186596
202,7,0.8791707
203,2,4824.844
203,3,1000000
203,4,18
203,6,69.44444
203,5,38.1866
203,7,0.8297318
204,2,4786.1577
204,3,1000000
204,4,18
204,6,69.44444
204,5,39.186604
204,7,0.7789811
205,2,4746.4707
205,3,1000000
205,4,18
205,6,69.44444
205,5,40.186607
205,7,0.7269185
206,2,4705.784
206,3,1000000
206,4,18
206,6,69.44444
206,5,41.18661
206,7,0.6735441
207,2,4664.0977
207,3,1000000
207,4,18
207,6,69.44444
207,5,42.186615
207,7,0.6188578
208,2,4621.411
208,3,1000000
208,4,18
208,6,69.44444
208,5,43.18662
208,7,0.56285965
209,2,4577.7246
209,3,1000000
209,4,18
209,6,69.44444
209,5,44.186623
209,7,0.50554967
210,2,4533.038
210,3,1000000
210,4,18
210,6,69.44444
210,5,45.186626
210,7,0.44692785
211,2,4487.351
211,3,1000000
211,4,18
211,6,69.44444
211,5,46.186626
211,7,0.38699415
212,2,4440.6646
212,3,1000000
212,4,18
212,6,69.44444
212,5,47.18663
212,7,0.32574862
213,2,4392.978
213,3,1000000
213,4,18
213,6,69.44444
213,5,48.186634
213,7,0.26319125
214,2,4344.2915
214,3,1000000
214,4,18
214,6,69.44444
214,5,49.186638
214,7,0.19932203
215,2,4294.6045
215,3,1000000
215,4,18
215,6,69.44444
215,5,50.186638
215,7,0.13414097
216,2,4243.918
216,3,1000000
216,4,18
216,6,69.44444
216,5,51.18664
216,7,0.06764806
217,2,4192.231
217,3,1000000
217,4,17
217,6,69.44444
217,5,52.18664
217,7,0.99984723
218,2,4139.5444
218,3,1000000
218,4,17
218,6,69.44444
218,5,53.18664
218,7,0.93246603
219,2,4085.858
219,3,1000000
219,4,17
219,6,69.44444
219,5,54.186638
219,7,0.8638059
220,2,4031.1711
220,3,1000000
220,4,17
220,6,69.44444
220,5,55.186638
220,7,0.7938669
221,2,3975.4846
221,3,1000000
221,4,17
221,6,69.44444
221,5,56.186634
221,7,0.7226489
222,2,3918.7979
222,3,1000000
222,4,17
222,6,69.44444
222,5,57.186634
222,7,0.6501521
223,2,3861.1113
223,3,1000000
223,4,17
223,6,69.44444
223,5,58.18663
223,7,0.5763763
224,2,3802.4248
224,3,1000000
224,4,17
224,6,69.44444
224,5,59.18663
224,7,0.5013217
225,2,3742.738
225,3,1000000
225,4,17
225,6,69.44444
225,5,60.186626
225,7,0.42498812
226,2,3682.0515
226,3,1000000
226,4,17
226,6,69.44444
226,5,61.186626
226,7,0.34737566
227,2,3620.3647
227,3,1000000
227,4,17
227,6,69.44444
227,5,62.186623
227,7,0.2684843
228,2,3557.6782
228,3,1000000
228,4,17
228,6,69.44444
228,5,63.18662
228,7,0.18831404
229,2,3493.9917
229,3,1000000
229,4,17
229,6,69.44444
229,5,64.186615
229,7,0.10686488
230,2,3429.305
230,3,851565.56
230,4,17
230,6,69.44444
230,5,65.186615
230,7,0.024136813
231,2,3363.6926
231,3,681253.06
231,4,16
231,6,69.44444
231,5,66.03818
231,7,0.913411
232,2,3297.314
232,3,545002.75
232,4,16
232,6,69.44444
232,5,66.71943
232,7,0.79043823
233,2,3230.322
233,3,436000.06
233,4,16
233,6,69.44444
233,5,67.26444
233,7,0.66632956
234,2,3162.8396
234,3,348800.66
234,4,16
234,6,69.44444
234,5,67.70044
234,7,0.54131216
235,2,3094.9648
235,3,279040.53
235,4,16
235,6,69.44444
235,5,68.04924
235,7,0.41556782
236,2,3026.776
236,3,223233.03
236,4,16
236,6,69.44444
236,5,68.32828
236,7,0.2892419
237,2,2958.3362
237,3,178585.81
237,4,16
237,6,69.44444
237,5,68.55151
237,7,0.16245075
238,2,2889.6953
238,3,142868.05
238,4,16
238,6,69.44444
238,5,68.7301
238,7,0.035287373
239,2,2820.8938
239,3,114294.44
239,4,15
239,6,69.44444
239,5,68.87297
239,7,0.9277311
240,2,2751.9636
240,3,91435.24
240,4,15
240,6,69.44444
240,5,68.98727
240,7,0.8276084
241,2,2682.9307
241,3,73147.586
241,4,15
241,6,69.44444
241,5,69.078705
241,7,0.7273363
242,2,2613.8154
242,3,58517.457
242,4,15
242,6,69.44444
242,5,69.151855
242,7,0.6269446
243,2,2544.6343
243,3,46813.965
243,4,15
243,6,69.44444
243,5,69.21037
243,7,0.5264573
244,2,2475.4004
244,3,37451.17
244,4,15
244,6,69.44444
244,5,69.25719
244,7,0.42589352
245,2,2406.1245
245,3,29960.633
245,4,15
245,6,69.44444
245,5,69.29464
245,7,0.32526854
246,2,2336.815
246,3,23968.506
246,4,15
246,6,69.44444
246,5,69.3246
246,7,0.22459458
247,2,2267.4785
247,3,19174.195
247,4,15
247,6,69.44444
247,5,69.34857
247,7,0.12388145
248,2,2198.12
248,3,15339.66
248,4,15
248,6,69.44444
248,5,69.367744
248,7,0.023136998
249,2,2128.7449
249,3,12271.118
249,4,14
249,6,69.44444
249,5,69.38309
249,7,0.91349363
250,2,2059.3555
250,3,9817.505
250,4,14
250,6,69.44444
250,5,69.395355
250,7,0.8011832
251,2,1989.9553
251,3,7853.6987
251,4,14
251,6,69.44444
251,5,69.405174
251,7,0.68885493
252,2,1920.5461
252,3,6285.095
252,4,14
252,6,69.44444
252,5,69.41302
252,7,0.57651234
253,2,1851.13
253,3,5029.297
253,4,14
253,6,69.44444
253,5,69.4193
253,7,0.46415833
254,2,1781.7083
254,3,4023.7427
254,4,14
254,6,69.44444
254,5,69.424324
254,7,0.35179517
255,2,1712.282
255,3,3221.1304
255,4,14
255,6,69.44444
255,5,69.42834
255,7,0.23942469
256,2,1642.8519
256,3,2577.2095
256,4,14
256,6,69.44444
256,5,69.43156
256,7,0.12704836
257,2,1573.4191
257,3,2061.4624
257,4,14
257,6,69.44444
257,5,69.434135
257,7,0.014667341
258,2,1503.984
258,3,1649.4751
258,4,13
258,6,69.44444
258,5,69.436195
258,7,0.87383145
259,2,1434.547
259,3,1319.8853
259,4,13
259,6,69.44444
259,5,69.43784
259,7,0.72872114
260,2,1365.1084
260,3,1055.9082
260,4,13
260,6,69.44444
260,5,69.43916
260,7,0.58360773
261,2,1295.6687
261,3,845.3369
261,4,13
261,6,69.44444
261,5,69.440216
261,7,0.43849188
262,2,1226.2281
262,3,675.96436
262,4,13
262,6,69.44444
262,5,69.44106
262,7,0.29337403
263,2,1156.7867
263,3,540.16113
263,4,13
263,6,69.44444
263,5,69.44174
263,7,0.14825459
264,2,1087.3447
264,3,431.82373
264,4,13
264,6,69.44444
264,5,69.44228
264,7,0.0031338625
265,2,1017.9023
265,3,344.84863
265,4,12
265,6,69.44444
265,5,69.44272
265,7,0.8175262
266,2,948.4594
266,3,-610180.7
266,4,12
266,6,66.39216
266,5,69.44306
266,7,0.63102394
267,2,879.3215
267,3,-1456075.2
267,4,12
267,6,61.5525
267,5,68.83288
267,7,0.4453406
268,2,811.21655
268,3,-2000000
268,4,12
268,6,56.78516
268,5,67.3768
268,7,0.26243192
269,2,744.83984
269,3,-2000000
269,4,12
269,6,52.13879
269,5,65.3768
269,7,0.08416423
270,2,680.46313
270,3,-2000000
270,4,11
270,6,47.63242
270,5,63.3768
270,7,0.8854435
271,2,618.08636
271,3,-2000000
271,4,11
271,6,43.266045
271,5,61.376797
271,7,0.66916245
272,2,557.70953
272,3,-2000000
272,4,11
272,6,39.03967
272,5,59.376793
272,7,0.45981607
273,2,499.33276
273,3,-2000000
273,4,11
273,6,34.953293
273,5,57.376793
273,7,0.25740436
274,2,442.95596
274,3,-2000000
274,4,11
274,6,31.006918
274,5,55.376793
274,7,0.061927322
275,2,388.57913
275,3,-2000000
275,4,10
275,6,27.200539
275,5,53.376793
275,7,0.8416675
276,2,336.20233
276,3,-2000000
276,4,10
276,6,23.534163
276,5,51.376793
276,7,0.61456645
277,2,285.82556
277,3,-2000000
277,4,10
277,6,20.00779
277,5,49.376797
277,7,0.3961372
278,2,237.44876
278,3,-2000000
278,4,10
278,6,16.621414
278,5,47.376797
278,7,0.18637979
279,1,"Plan exhausted"
279,2,nan
279,3,-2000000
279,4,9
279,6,0
279,5,45.3768
279,7,0.9011596
280,2,nan
280,3,-2000000
280,4,8
280,6,0
280,5,43.376797
280,7,0.78805983
281,2,nan
281,3,-2000000
281,4,8
281,6,0
281,5,41.376797
281,7,0.120511115
282,2,nan
282,3,-2000000
282,4,7
282,6,0
282,5,39.376797
282,7,0.4658795
283,2,nan
283,3,-2000000
283,4,6
283,6,0
283,5,37.376797
283,7,0.7856271
284,2,nan
284,3,-2000000
284,4,5
284,6,0
284,5,35.376797
284,7,0.9954544
285,2,nan
285,3,-2000000
285,4,5
285,6,0
285,5,33.3768
285,7,0.5448686
286,2,nan
286,3,-2000000
286,4,5
286,6,0
286,5,31.3768
286,7,0.12049731
287,1,"Set goal: station Ferney-Voltaire, 5526 m away"
287,2,5496.064
287,3,1000000
287,4,5
287,6,69.44444
287,5,29.3768
287,7,0.39815676
288,2,5466.1875
288,3,1000000
288,4,5
288,6,69.44444
288,5,30.3768
288,7,0.7897599
289,2,5465.687
289,3,1000000
289,4,6
289,6,69.44444
289,5,31.3768
289,7,0.32351422
290,2,5433.8105
290,3,1000000
290,4,7
290,6,69.44444
290,5,32.376797
290,7,0.013908228
291,2,5400.9336
291,3,1000000
291,4,7
291,6,69.44444
291,5,33.376797
291,7,0.55047995
292,2,5367.0566
292,3,1000000
292,4,8
292,6,69.44444
292,5,34.376797
292,7,0.09977479
293,2,5332.18
293,3,1000000
293,4,8
293,6,69.44444
293,5,35.376797
293,7,0.6491783
294,2,5296.303
294,3,1000000
294,4,9
294,6,69.44444
294,5,36.3768
294,7,0.3965183
295,2,5259.4263
295,3,1000000
295,4,10
295,6,69.44444
295,5,37.3768
295,7,0.07010645
296,2,5221.55
296,3,1000000
296,4,10
296,6,69.44444
296,5,38.3768
296,7,0.23433684
297,2,5182.673
297,3,1000000
297,4,10
297,6,69.44444
297,5,39.376797
297,7,0.40290314
298,2,5142.796
298,3,1000000
298,4,10
298,6,69.44444
298,5,40.376797
298,7,0.5758053
299,2,5101.9194
299,3,1000000
299,4,10
299,6,69.44444
299,5,41.376797
299,7,0.7530434
300,2,5060.0425
300,3,1000000
300,4,10
300,6,69.44444
300,5,42.376797
300,7,0.9346174
301,2,5017.166
301,3,1000000
301,4,11
301,6,69.44444
301,5,43.376793
301,7,0.09638305
302,2,4973.289
302,3,1000000
302,4,11
302,6,69.44444
302,5,44.376793
302,7,0.24851844
303,2,4928.412
303,3,1000000
303,4,11
303,6,69.44444
303,5,45.376793
303,7,0.40412116
304,2,4882.5356
304,3,1000000
304,4,11
304,6,69.44444
304,5,46.37679
304,7,0.56319124
305,2,4835.6587
305,3,1000000
305,4,11
305,6,69.44444
305,5,47.37679
305,7,0.72572863
306,2,4787.7817
306,3,1000000
306,4,11
306,6,69.44444
306,5,48.37679
306,7,0.89173335
307,2,4738.9053
307,3,1000000
307,4,12
307,6,69.44444
307,5,49.37679
307,7,0.047407884
308,2,4689.0283
308,3,1000000
308,4,12
308,6,69.44444
308,5,50.37679
308,7,0.18136162
309,2,4638.1514
309,3,1000000
309,4,12
309,6,69.44444
309,5,51.376785
309,7,0.31800103
310,2,4586.275
310,3,1000000
310,4,12
310,6,69.44444
310,5,52.376785
310,7,0.45732614
311,2,4533.398
311,3,1000000
311,4,12
311,6,69.44444
311,5,53.376785
311,7,0.5993369
312,2,4479.521
312,3,1000000
312,4,12
312,6,69.44444
312,5,54.376785
312,7,0.7440334
313,2,4424.6445
313,3,1000000
313,4,12
313,6,69.44444
313,5,55.37678
313,7,0.8914156
314,2,4368.7676
314,3,1000000
314,4,13
314,6,69.44444
314,5,56.376778
314,7,0.032279424
315,2,4311.891
315,3,1000000
315,4,13
315,6,69.44444
315,5,57.376778
315,7,0.15114117
316,2,4254.014
316,3,1000000
316,4,13
316,6,69.44444
316,5,58.376774
316,7,0.27209273
317,2,4195.137
317,3,1000000
317,4,13
317,6,69.44444
317,5,59.376774
317,7,0.3951341
318,2,4135.2607
318,3,1000000
318,4,13
318,6,69.44444
318,5,60.376774
318,7,0.5202653
319,2,4074.3838
319,3,1000000
319,4,13
319,6,69.44444
319,5,61.37677
319,7,0.64748627
320,2,4012.507
320,3,1000000
320,4,13
320,6,69.44444
320,5,62.376766
320,7,0.77679706
321,2,3949.6304
321,3,1000000
321,4,13
321,6,69.44444
321,5,63.376766
321,7,0.90819764
322,2,3885.7534
322,3,1000000
322,4,14
322,6,69.44444
322,5,64.37677
322,7,0.032287356
323,2,3820.8767
323,3,813534.56
323,4,14
323,6,69.44444
323,5,65.37677
323,7,0.1372941
324,2,3755.093
324,3,650827
324,4,14
324,6,69.44444
324,5,66.19031
324,7,0.2437685
325,2,3688.5774
325,3,520661.94
325,4,14
325,6,69.44444
325,5,66.84113
325,7,0.35142797
326,2,3621.476
326,3,416529.84
326,4,14
326,6,69.44444
326,5,67.36179
326,7,0.4600355
327,2,3553.9058
327,3,333224.5
327,4,14
327,6,69.44444
327,5,67.77832
327,7,0.5694015
328,2,3485.961
328,3,266580.2
328,4,14
328,6,69.44444
328,5,68.11154
328,7,0.6793742
329,2,3417.716
329,3,213264.47
329,4,14
329,6,69.44444
329,5,68.37812
329,7,0.78983235
330,2,3349.2314
330,3,170611.58
330,4,14
330,6,69.44444
330,5,68.591385
330,7,0.9006788
331,2,3280.5544
331,3,136489.88
331,4,15
331,6,69.44444
331,5,68.76199
331,7,0.010621811
332,2,3211.7244
332,3,109191.89
332,4,15
332,6,69.44444
332,5,68.89848
332,7,0.11059946
333,2,3142.7712
333,3,87353.516
333,4,15
333,6,69.44444
333,5,69.007675
333,7,0.21075553
334,2,3073.72
334,3,69882.2
334,4,15
334,6,69.44444
334,5,69.09503
334,7,0.31105435
335,2,3004.5898
335,3,55905.152
335,4,15
335,6,69.44444
335,5,69.16492
335,7,0.41146737
336,2,2935.397
336,3,44723.51
336,4,15
336,6,69.44444
336,5,69.220825
336,7,0.5119718
337,2,2866.1538
337,3,35778.81
337,4,15
337,6,69.44444
337,5,69.26555
337,7,0.61254925
338,2,2796.8704
338,3,28622.438
338,4,15
338,6,69.44444
338,5,69.30133
338,7,0.7131852
339,2,2727.5547
339,3,22897.34
339,4,15
339,6,69.44444
339,5,69.329956
339,7,0.8138679
340,2,2658.2134
340,3,18318.176
340,4,15
340,6,69.44444
340,5,69.35285
340,7,0.91458803
341,2,2588.8513
341,3,14654.541
341,4,16
341,6,69.44444
341,5,69.37117
341,7,0.01956264
342,2,2519.473
342,3,11721.802
342,4,16
342,6,69.44444
342,5,69.38583
342,7,0.14809264
343,2,2450.081
343,3,9378.052
343,4,16
343,6,69.44444
343,5,69.39755
343,7,0.2766471
344,2,2380.679
344,3,7502.7466
344,4,16
344,6,69.44444
344,5,69.40693
344,7,0.40522107
345,2,2311.268
345,3,6002.8076
345,4,16
345,6,69.44444
345,5,69.41443
345,7,0.5338107
346,2,2241.8508
346,3,4800.415
346,4,16
346,6,69.44444
346,5,69.42044
346,7,0.6624128
347,2,2172.428
347,3,3840.6372
347,4,16
347,6,69.44444
347,5,69.42524
347,7,0.791025
348,2,2103.0007
348,3,3073.12
348,4,16
348,6,69.44444
348,5,69.42908
348,7,0.91964513
349,2,2033.5702
349,3,2458.191
349,4,17
349,6,69.44444
349,5,69.43215
349,7,0.03332356
350,2,1964.1367
350,3,1966.8579
350,4,17
350,6,69.44444
350,5,69.43461
350,7,0.12212229
351,2,1894.7012
351,3,1573.1812
351,4,17
351,6,69.44444
351,5,69.43658
351,7,0.21092385
352,2,1825.2638
352,3,1258.8501
352,4,17
352,6,69.44444
352,5,69.43815
352,7,0.29972768
353,2,1755.825
353,3,1007.0801
353,4,17
353,6,69.44444
353,5,69.43941
353,7,0.38853332
354,2,1686.3851
354,3,805.66406
354,4,17
354,6,69.44444
354,5,69.440414
354,7,0.4773404
355,2,1616.9443
355,3,643.9209
355,4,17
355,6,69.44444
355,5,69.44122
355,7,0.56614864
356,2,1547.5027
356,3,515.7471
356,4,17
356,6,69.44444
356,5,69.441864
356,7,0.65495783
357,2,1478.0605
357,3,411.9873
357,4,17
357,6,69.44444
357,5,69.44238
357,7,0.74376774
358,2,1408.618
358,3,329.58984
358,4,17
358,6,69.44444
358,5,69.442795
358,7,0.83257824
359,2,1339.175
359,3,263.97705
359,4,17
359,6,69.44444
359,5,69.44312
359,7,0.9213892
360,2,1269.7319
360,3,209.04541
360,4,18
360,6,69.44444
360,5,69.4434
360,7,0.010463286
361,2,1200.2885
361,3,166.3208
361,4,18
361,6,69.44444
361,5,69.44361
361,7,0.10156225
362,2,1130.8448
362,3,132.75146
362,4,18
362,6,69.44444
362,5,69.44378
362,7,0.19266146
363,2,1061.401
363,3,105.285645
363,4,18
363,6,69.44444
363,5,69.44392
363,7,0.28376088
364,2,991.957
364,3,-1408.3862
364,4,18
364,6,69.43699
364,5,69.44403
364,7,0.37486047
365,2,922.5137
365,3,-973333.75
365,4,18
365,6,64.57596
365,5,69.44263
365,7,0.4659592
366,2,853.5577
366,3,-1744052.1
366,4,18
366,6,59.74904
366,5,68.4693
366,7,0.5564186
367,2,785.96045
367,3,-2000000
367,4,18
367,6,55.01723
367,5,66.72526
367,7,0.6450956
368,2,720.23517
368,3,-2000000
368,4,18
368,6,50.416462
368,5,64.72526
368,7,0.7313168
369,2,656.5099
369,3,-2000000
369,4,18
369,6,45.955692
369,5,62.72526
369,7,0.81491435
370,2,594.7846
370,3,-2000000
370,4,18
370,6,41.634922
370,5,60.72526
370,7,0.8958882
371,2,535.0593
371,3,-2000000
371,4,18
371,6,37.45415
371,5,58.725266
371,7,0.9742384
372,1,"Plan exhausted"
372,2,nan
372,3,-2000000
372,4,19
372,6,0
372,5,56.725266
372,7,0.17549734
373,1,"Set goal: station Ferney-Voltaire, 934 m away"
373,2,840.0604
373,3,815792.06
373,4,19
373,6,58.80423
373,5,54.72527
373,7,0.43226463
374,2,784.92725
374,3,-119231.414
374,4,19
374,6,54.94491
374,5,55.541065
374,7,0.6863037
375,2,729.4458
375,3,-872125.25
375,4,19
375,6,51.061207
375,5,55.421833
375,7,0.9419475
376,2,768.2728
376,3,-154122.92
376,4,20
376,6,53.7791
376,5,54.549713
376,7,0.32215026
377,2,713.8002
377,3,-885916.9
377,4,20
377,6,49.96601
377,5,54.395596
377,7,0.73615545
378,2,659.84753
378,3,-1464069.4
378,4,21
378,6,46.189327
378,5,53.509674
378,7,0.1084623
379,2,607.06995
379,3,-1910141
379,4,21
379,6,42.494896
379,5,52.0456
379,7,0.40602857
380,2,555.9794
380,3,-2000000
380,4,21
380,6,38.918556
380,5,50.135456
380,7,0.6940827
381,2,506.84393
381,3,-2000000
381,4,21
381,6,35.479076
381,5,48.13545
381,7,0.97111386
382,2,459.7085
382,3,-2000000
382,4,22
382,6,32.179596
382,5,46.13545
382,7,0.40285566
383,2,414.57306
383,3,-2000000
383,4,22
383,6,29.020115
383,5,44.135452
383,7,0.8356615
384,2,371.4376
384,3,-2000000
384,4,23
384,6,26.000631
384,5,42.135452
384,7,0.24995238
385,2,330.30212
385,3,-2000000
385,4,23
385,6,23.12115
385,5,40.135452
385,7,0.6454513
386,2,291.16666
386,3,-2000000
386,4,24
386,6,20.381666
386,5,38.13545
386,7,0.032678317
387,2,254.03119
387,3,-2000000
387,4,24
387,6,17.782183
387,5,36.13545
387,7,0.5698266
388,2,218.89574
388,3,-2000000
388,4,25
388,6,15.322701
388,5,34.13545
388,7,0.066960305
389,2,185.76028
389,3,-2000000
389,4,25
389,6,13.00322
389,5,32.135445
389,7,0.47817305
390,2,154.62485
390,3,-2000000
390,4,25
390,6,10.823739
390,5,30.135445
390,7,0.8645656
391,2,125.48938
391,3,-2000000
391,4,26
391,6,8.784257
391,5,28.135445
391,7,0.20158343
392,2,98.353935
392,3,-2000000
392,4,26
392,6,6.8847756
392,5,26.135445
392,7,0.5017704
393,2,73.21849
393,3,-2000000
393,4,26
393,6,5.125294
393,5,24.135445
393,7,0.77983224
394,2,50.08306
394,3,-2000000
394,4,27
394,6,3.5058143
394,5,22.135447
394,7,0.023582757
395,2,28.947615
395,3,-2000000
395,4,27
395,6,2.026333
395,5,20.135447
395,7,0.17773645
396,2,9.812172
396,3,-2000000
396,4,27
396,6,0.68685204
396,5,18.135447
396,7,0.3173029
397,2,nan
397,3,-2000000
397,4,27
397,6,0
397,5,16.135447
397,7,0.44228217
398,1,"Set goal: station CERN Meyrin, 5448 m away"
398,2,5371.824
398,3,1000000
398,4,27
398,6,69.44444
398,5,14.135447
398,7,0.55267423
399,2,5357.1885
399,3,1000000
399,4,27
399,6,69.44444
399,5,15.135447
399,7,0.6594195
400,2,5341.553
400,3,1000000
400,4,27
400,6,69.44444
400,5,16.135447
400,7,0.7734583
401,2,5324.9175
401,3,1000000
401,4,27
401,6,69.44444
401,5,17.135448
401,7,0.89479077
402,2,5383.0576
402,3,1000000
402,4,28
402,6,69.44444
402,5,18.135448
402,7,0.02892384
403,2,5364.422
403,3,1000000
403,4,28
403,6,69.44444
403,5,19.135448
403,7,0.19680806
404,2,5344.7866
404,3,1000000
404,4,28
404,6,69.44444
404,5,20.135448
404,7,0.37370113
405,2,5324.1514
405,3,1000000
405,4,28
405,6,69.44444
405,5,21.135448
405,7,0.55960304
406,2,5302.5156
406,3,1000000
406,4,28
406,6,69.44444
406,5,22.135448
406,7,0.75451386
407,2,5279.8804
407,3,1000000
407,4,28
407,6,69.44444
407,5,23.135448
407,7,0.9584335
408,2,5256.2446
408,3,1000000
408,4,29
408,6,69.44444
408,5,24.135448
408,7,0.16478108
409,2,5231.6094
409,3,1000000
409,4,29
409,6,69.44444
409,5,25.135447
409,7,0.37819523
410,2,5205.9736
410,3,1000000
410,4,29
410,6,69.44444
410,5,26.135447
410,7,0.60027224
411,2,5179.3384
411,3,1000000
411,4,29
411,6,69.44444
411,5,27.135445
411,7,0.8310121
412,2,5151.7026
412,3,1000000
412,4,30
412,6,69.44444
412,5,28.135445
412,7,0.0674697
413,2,5123.0674
413,3,1000000
413,4,30
413,6,69.44444
413,5,29.135447
413,7,0.30515966
414,2,5093.4316
414,3,1000000
414,4,30
414,6,69.44444
414,5,30.135445
414,7,0.5511502
415,2,5062.7964
415,3,1000000
415,4,30
415,6,69.44444
415,5,31.135445
415,7,0.80544126
416,2,5031.161
416,3,1000000
416,4,31
416,6,69.44444
416,5,32.135445
416,7,0.096744336
417,2,4998.526
417,3,1000000
417,4,31
417,6,69.44444
417,5,33.135445
417,7,0.48195934
418,2,4964.89
418,3,1000000
418,4,31
418,6,69.44444
418,5,34.135445
418,7,0.8789779
419,2,4930.255
419,3,1000000
419,4,18
419,6,69.44444
419,5,35.13545
419,7,0.96801406
420,2,4894.619
420,3,1000000
420,4,18
420,6,69.44444
420,5,36.135452
420,7,0.92126596
421,2,4857.984
421,3,1000000
421,4,18
421,6,69.44444
421,5,37.135456
421,7,0.873206
422,2,4820.3486
422,3,1000000
422,4,18
422,6,69.44444
422,5,38.13546
422,7,0.82383424
423,2,4781.713
423,3,1000000
423,4,18
423,6,69.44444
423,5,39.135464
423,7,0.77315056
424,2,4742.0776
424,3,1000000
424,4,18
424,6,69.44444
424,5,40.135464
424,7,0.72115505
425,2,4701.442
425,3,1000000
425,4,18
425,6,69.44444
425,5,41.135468
425,7,0.6678477
426,2,4659.8066
426,3,1000000
426,4,18
426,6,69.44444
426,5,42.13547
426,7,0.6132285
427,2,4617.171
427,3,1000000
427,4,18
427,6,69.44444
427,5,43.135475
427,7,0.55729747
428,2,4573.5356
428,3,1000000
428,4,18
428,6,69.44444
428,5,44.13548
428,7,0.5000546
429,2,4528.9004
429,3,1000000
429,4,18
429,6,69.44444
429,5,45.135483
429,7,0.44149986
430,2,4483.2646
430,3,1000000
430,4,18
430,6,69.44444
430,5,46.135483
430,7,0.38163328
431,2,4436.6294
431,3,1000000
431,4,18
431,6,69.44444
431,5,47.135483
431,7,0.32045487
432,2,4388.9937
432,3,1000000
432,4,18
432,6,69.44444
432,5,48.135487
432,7,0.25796458
433,2,4340.3584
433,3,1000000
433,4,18
433,6,69.44444
433,5,49.13549
433,7,0.19416246
434,2,4290.7227
434,3,1000000
434,4,18
434,6,69.44444
434,5,50.135494
434,7,0.1290485
435,2,4240.0874
435,3,1000000
435,4,18
435,6,69.44444
435,5,51.135498
435,7,0.06262268
436,2,4188.4517
436,3,1000000
436,4,17
436,6,69.44444
436,5,52.135494
436,7,0.9950134
437,2,4135.816
437,3,1000000
437,4,17
437,6,69.44444
437,5,53.135494
437,7,0.9276976
438,2,4082.1804
438,3,1000000
438,4,17
438,6,69.44444
438,5,54.135494
438,7,0.85910285
439,2,4027.545
439,3,1000000
439,4,17
439,6,69.44444
439,5,55.135494
439,7,0.7892292
440,2,3971.9094
440,3,1000000
440,4,17
440,6,69.44444
440,5,56.135494
440,7,0.7180767
441,2,3915.274
441,3,1000000
441,4,17
441,6,69.44444
441,5,57.13549
441,7,0.64564526
442,2,3857.6387
442,3,1000000
442,4,17
442,6,69.44444
442,5,58.13549
442,7,0.57193494
443,2,3799.003
443,3,1000000
443,4,17
443,6,69.44444
443,5,59.13549
443,7,0.49694568
444,2,3739.3677
444,3,1000000
444,4,17
444,6,69.44444
444,5,60.13549
444,7,0.4206775
445,2,3678.732
445,3,1000000
445,4,17
445,6,69.44444
445,5,61.135487
445,7,0.34313047
446,2,3617.0967
446,3,1000000
446,4,17
446,6,69.44444
446,5,62.135487
446,7,0.26430452
447,2,3554.4612
447,3,1000000
447,4,17
447,6,69.44444
447,5,63.135487
447,7,0.18419966
448,2,3490.8257
448,3,1000000
448,4,17
448,6,69.44444
448,5,64.13548
448,7,0.102815896
449,2,3426.1902
449,3,861792
449,4,17
449,6,69.44444
449,5,65.13548
449,7,0.020153226
450,2,3360.624
450,3,689433.3
450,4,16
450,6,69.44444
450,5,65.99728
450,7,0.90772575
451,2,3294.282
451,3,551547.25
451,4,16
451,6,69.44444
451,5,66.68671
451,7,0.78482115
452,2,3227.3193
452,3,441236.88
452,4,16
452,6,69.44444
452,5,67.23826
452,7,0.660767
453,2,3159.8606
453,3,352989.2
453,4,16
453,6,69.44444
453,5,67.6795
453,7,0.5357933
454,2,3092.0046
454,3,282391.34
454,4,16
454,6,69.44444
454,5,68.032486
454,7,0.4100839
455,2,3023.831
455,3,225912.47
455,4,16
455,6,69.44444
455,5,68.31488
455,7,0.2837859
456,2,2955.403
456,3,180729.67
456,4,16
456,6,69.44444
456,5,68.540794
456,7,0.15701708
457,2,2886.772
457,3,144583.12
457,4,16
457,6,69.44444
457,5,68.72153
457,7,0.029871574
458,2,2817.978
458,3,115666.195
458,4,15
458,6,69.44444
458,5,68.86611
458,7,0.92349607
459,2,2749.0542
459,3,92532.35
459,4,15
459,6,69.44444
459,5,68.98178
459,7,0.8233823
460,2,2680.0261
460,3,74026.49
460,4,15
460,6,69.44444
460,5,69.07431
460,7,0.72311735
461,2,2610.9148
461,3,59220.887
461,4,15
461,6,69.44444
461,5,69.14834
461,7,0.62273145
462,2,2541.7368
462,3,47377.016
462,4,15
462,6,69.44444
462,5,69.20756
462,7,0.52224874
463,2,2472.5056
463,3,37901.305
463,4,15
463,6,69.44444
463,5,69.25494
463,7,0.42168862
464,2,2403.2317
464,3,30320.74
464,4,15
464,6,69.44444
464,5,69.29284
464,7,0.32106656
465,2,2333.9238
465,3,24256.896
465,4,15
465,6,69.44444
465,5,69.32316
465,7,0.22039495
466,2,2264.5884
466,3,19406.129
466,4,15
466,6,69.44444
466,5,69.34741
466,7,0.11968372
467,2,2195.2312
467,3,15524.292
467,4,15
467,6,69.44444
467,5,69.36682
467,7,0.018940773
468,2,2125.8567
468,3,12419.129
468,4,14
468,6,69.44444
468,5,69.38235
468,7,0.9088191
469,2,2056.4683
469,3,9934.998
469,4,14
469,6,69.44444
469,5,69.39477
469,7,0.79650974
470,2,1987.0685
470,3,7948.303
470,4,14
470,6,69.44444
470,5,69.4047
470,7,0.68418235
471,2,1917.6598
471,3,6358.3374
471,4,14
471,6,69.44444
471,5,69.41265
471,7,0.57184047
472,2,1848.2439
472,3,5087.2803
472,4,14
472,6,69.44444
472,5,69.41901
472,7,0.459487
473,2,1778.8224
473,3,4071.045
473,4,14
473,6,69.44444
473,5,69.42409
473,7,0.34712425
474,2,1709.3962
474,3,3256.2256
474,4,14
474,6,69.44444
474,5,69.42816
474,7,0.23475412
475,2,1639.9666
475,3,2604.6753
475,4,14
475,6,69.44444
475,5,69.43142
475,7,0.12237804
476,2,1570.5337
476,3,2085.8765
476,4,14
476,6,69.44444
476,5,69.43401
476,7,0.009997216
477,2,1501.0988
477,3,1669.3115
477,4,13
477,6,69.44444
477,5,69.4361
477,7,0.8678018
478,2,1431.6617
478,3,1335.144
478,4,13
478,6,69.44444
478,5,69.43777
478,7,0.72269166
479,2,1362.2234
479,3,1068.1152
479,4,13
479,6,69.44444
479,5,69.4391
479,7,0.5775784
480,2,1292.7837
480,3,854.4922
480,4,13
480,6,69.44444
480,5,69.44017
480,7,0.43246266
481,2,1223.3431
481,3,683.59375
481,4,13
481,6,69.44444
481,5,69.441025
481,7,0.2873449
482,2,1153.9017
482,3,546.26465
482,4,13
482,6,69.44444
482,5,69.44171
482,7,0.14222553
483,2,1084.4598
483,3,436.40137
483,4,12
483,6,69.44444
483,5,69.44226
483,7,0.99627936
484,2,1015.0174
484,3,349.42627
484,4,12
484,6,69.44444
484,5,69.442696
484,7,0.8097782
485,2,945.5745
485,3,-650564.56
485,4,12
485,6,66.190216
485,5,69.44304
485,7,0.623276
486,2,876.4568
486,3,-1488099.6
486,4,12
486,6,61.351974
486,5,68.79247
486,7,0.43764696
487,2,808.4083
487,3,-2000000
487,4,12
487,6,56.588585
487,5,67.304375
487,7,0.2548898
